filename,label
audio_128.wav,3.092188
audio_156.wav,3.801827
audio_19.wav,4.5054336
audio_108.wav,2.083788
audio_206.wav,2.675048
audio_161.wav,2.7190025
audio_215.wav,3.0512953
audio_213.wav,2.1259007
audio_11.wav,3.517939
audio_155.wav,3.1303108
audio_39.wav,2.8942106
audio_168.wav,3.2310014
audio_133.wav,2.9193294
audio_28.wav,3.577179
audio_40.wav,3.121006
audio_181.wav,2.836054
audio_201.wav,2.721953
audio_182.wav,3.2789378
audio_126.wav,2.627985
audio_10.wav,2.7533443
audio_134.wav,2.1769946
audio_69.wav,4.574292
audio_112.wav,3.7274163
audio_180.wav,2.7276409
audio_177.wav,3.5308223
audio_77.wav,4.4515486
audio_111.wav,3.4920692
audio_18.wav,3.6430917
audio_175.wav,3.941363
audio_33.wav,3.6585994
audio_15.wav,2.9313376
audio_4.wav,3.9065628
audio_27.wav,2.6024032
audio_96.wav,3.145606
audio_116.wav,2.813895
audio_1.wav,3.045655
audio_22.wav,3.7715142
audio_114.wav,2.67076
audio_146.wav,3.1754658
audio_46.wav,4.579343
audio_144.wav,3.091968
audio_75.wav,4.3672156
audio_200.wav,3.0416436
audio_196.wav,2.755002
audio_190.wav,3.8956444
audio_158.wav,2.7949262
audio_17.wav,2.1954982
audio_105.wav,3.7773209
audio_141.wav,3.759835
audio_129.wav,3.8055882
audio_6.wav,3.642465
audio_70.wav,5.0
audio_35.wav,3.4264216
audio_203.wav,3.4985435
audio_90.wav,4.1506305
audio_16.wav,3.4256961
audio_138.wav,4.1213684
audio_100.wav,3.3456414
audio_115.wav,2.5874164
audio_118.wav,3.945993
audio_137.wav,3.7089925
audio_101.wav,3.7754815
audio_193.wav,2.7175937
audio_102.wav,3.402761
audio_52.wav,2.8625133
audio_172.wav,2.6103442
audio_191.wav,3.8239055
audio_194.wav,2.974315
audio_67.wav,2.8495028
audio_160.wav,3.0359817
audio_179.wav,2.3561568
audio_55.wav,3.240027
audio_145.wav,3.545555
audio_197.wav,2.5255969
audio_139.wav,3.3058124
audio_91.wav,4.1241045
audio_8.wav,2.4442883
audio_136.wav,3.2586293
audio_199.wav,2.7695653
audio_110.wav,3.8619149
audio_208.wav,3.2402756
audio_152.wav,4.0039244
audio_94.wav,3.184397
audio_174.wav,3.5175254
audio_23.wav,3.8284097
audio_56.wav,2.8465052
audio_97.wav,3.3170865
audio_148.wav,4.0946226
audio_59.wav,3.1568902
audio_5.wav,3.3690815
audio_119.wav,4.2758684
audio_80.wav,3.575079
audio_58.wav,2.80192
audio_123.wav,3.1463861
audio_188.wav,2.9008057
audio_121.wav,2.5956664
audio_107.wav,2.292067
audio_214.wav,3.279197
audio_73.wav,4.7104616
audio_169.wav,3.3313155
audio_7.wav,3.547872
audio_42.wav,3.0877337
audio_88.wav,4.251647
audio_64.wav,3.3384376
audio_195.wav,2.4537826
audio_57.wav,2.8871536
audio_13.wav,3.0394719
audio_125.wav,3.598182
audio_209.wav,2.7661238
audio_211.wav,2.8531873
audio_63.wav,2.744773
audio_86.wav,4.6496153
audio_78.wav,4.5751295
audio_38.wav,4.240052
audio_186.wav,2.2755504
audio_154.wav,3.2338612
audio_21.wav,2.2391422
audio_120.wav,3.047545
audio_183.wav,2.9206376
audio_25.wav,3.1226218
audio_122.wav,2.7092545
audio_36.wav,3.664643
audio_76.wav,4.5190516
audio_163.wav,2.4682612
audio_83.wav,4.5224957
audio_103.wav,2.4852295
audio_93.wav,4.014127
audio_26.wav,3.6577294
audio_72.wav,5.0
audio_210.wav,3.1030545
audio_104.wav,2.1129925
audio_81.wav,3.6382172
audio_166.wav,3.4592712
audio_202.wav,2.8277633
audio_185.wav,2.3857074
audio_9.wav,1.7961193
audio_207.wav,2.175628
audio_127.wav,2.9994426
audio_12.wav,3.696505
audio_132.wav,2.7746813
audio_109.wav,2.6878123
audio_32.wav,3.6350217
audio_178.wav,3.8555775
audio_61.wav,2.3657908
audio_34.wav,3.6745095
audio_106.wav,2.1991677
audio_49.wav,4.5609426
audio_149.wav,3.2454941
audio_30.wav,3.4142814
audio_131.wav,2.8658295
audio_162.wav,2.8203235
audio_204.wav,3.3277798
audio_198.wav,3.0154426
audio_135.wav,4.0102973
audio_187.wav,3.1400046
audio_3.wav,3.5250213
audio_98.wav,3.8795269
audio_159.wav,3.1253777
audio_167.wav,2.7961173
audio_205.wav,2.5048816
audio_95.wav,3.2228272
audio_68.wav,4.3856726
audio_31.wav,3.605091
audio_157.wav,2.9009929
audio_89.wav,4.34065
audio_82.wav,4.6463294
audio_53.wav,2.7482598
audio_37.wav,4.0159836
audio_113.wav,2.6825721
audio_85.wav,4.6659083
audio_173.wav,4.0027556
audio_41.wav,4.2790413
audio_51.wav,2.4977088
audio_143.wav,3.786882
audio_92.wav,3.7063453
audio_74.wav,4.5237994
audio_0.wav,3.8501453
audio_147.wav,3.878439
audio_130.wav,2.6638086
audio_192.wav,3.4583213
audio_43.wav,4.7062244
audio_65.wav,2.89718
audio_14.wav,3.7807946
audio_117.wav,3.8208377
audio_212.wav,2.6538885
audio_79.wav,3.6316712
audio_171.wav,3.5223255
audio_60.wav,2.8257196
audio_153.wav,3.802009
audio_176.wav,2.9570668
audio_2.wav,3.7992916
audio_50.wav,5.0
audio_29.wav,3.4804268
audio_142.wav,3.6189823
audio_47.wav,3.4367995
audio_84.wav,4.7617617
audio_164.wav,2.7106125
audio_48.wav,4.4257936
audio_189.wav,2.9145281
audio_151.wav,3.4668174
audio_66.wav,2.8729103
audio_44.wav,2.8515506
audio_150.wav,3.9757226
audio_87.wav,4.2593865
audio_99.wav,3.1591039
audio_62.wav,3.2558663
audio_20.wav,2.229943
audio_124.wav,3.7049878
audio_54.wav,3.1170218
audio_45.wav,4.6339564
audio_71.wav,5.0
audio_184.wav,2.6041505
audio_24.wav,2.069161
audio_140.wav,3.5685844
audio_165.wav,3.2386024
audio_170.wav,2.8887057
